subject,body,queue,predicted,who_is_right
Welche sind die effektivsten Praktiken für die Einweisung neuer Benutzer in unser Projektmanagement-Plattform?,"Ich stelle mich an Sie, um mehr darüber zu erfahren, welche besten Methoden es gibt, um neue Benutzer in unser Projektmanagement-Plattform einzuleiten. Könnten Sie uns Ratschläge in diesem Bereich geben? Ich würde mich freuen, über jegliche Tipps oder Ressourcen, die Sie zur Verfügung stellen können, um unseren Einweisungsprozess zu verbessern und sicherzustellen, dass der Übergang für neue Benutzer glatt verläuft.",Product Support,Customer Service,both
Issues with Project Timelines Syncing Across Various Tools,"I have noted that the project timelines are not syncing properly. To help resolve this, could you provide additional details on the tools you are utilizing and the specific problems you are encountering? This information will enable me to look into the issue more thoroughly and offer a solution. Alternatively, if you prefer, we can schedule a call to discuss this further at a time that suits you, please provide a convenient time at <tel_num>.",Customer Service,Product Support,model
Optimizing Investment Strategies with Alteryx Scikit-learn Integration,Could you offer assistance in optimizing investment strategies using the Alteryx Scikit-learn integration? Thank you!,Technical Support,Sales and Pre-Sales,label
Healthcare Data Incident,A medical data breach was identified. This could be due to out-of-date antivirus software. Virus scans have been conducted and Norton has been updated. Additional support is needed to address this.,IT Support,Technical Support,both
Software Performance Concerns,"Customer Support, users are experiencing performance problems with the software across various devices. The issues might be caused by resource-intensive applications or hardware compatibility conflicts. Attempts to resolve the problem by restarting devices and updating the software have not been successful. We would appreciate your prompt assistance in resolving this matter. Please inform us if further information is required. We look forward to your response. Thank you for your support.",Human Resources,IT Support,model
Critical Integration Problem,"A significant issue has emerged with project data synchronization across multiple platforms, stemming from API update incompatibilities. Efforts to resolve the issue, including restarting services and reviewing connection logs, have been unsuccessful. Assistance is urgently requested to address and rectify this problem so that the integration functions smoothly as soon as possible.",Returns and Exchanges,Technical Support,model
Immediate Attention Needed: IoT Device Connectivity and Security Concerns,"Dear Support Team,\n\nI am submitting a report regarding a serious problem impacting several IoT devices connected to our network. Over recent days, we've encountered repeated connection issues along with numerous security warnings. These events are causing major operational disturbances and raise worries about possible unauthorized access or misconfigurations within our system.\n\nAt first, we thought the problem might be limited to specific devices due to temporary network instability. To address this, we tried standard troubleshooting procedures.",Technical Support,IT Support,both
Medical Data Security Strategies,Seeking details on securing medical data,Technical Support,Sales and Pre-Sales,both
Details on Scalable Project Management SaaS Solutions,Looking for information on product integration for scalable project management SaaS. Interested in learning how it can benefit my business. Appreciate your help. Thanks for your assistance.,Customer Service,Sales and Pre-Sales,model
Blockade auf dem NAS-System,"Sehr geehrte Kundensupport, ich melde mich an, um ein Problem mit einer Datensperre auf meinem NAS-System zu melden. Es ist möglicherweise auf eine veraltete Version von Ubuntu zurückzuführen. Ich habe versucht, das System neu zu starten, aber das Problem blieb bestehen. Ich bin besorgt um die Sicherheit meiner Daten und benötige Unterstützung, um das Problem zu lösen. Könnten Sie mir Anleitungen geben, wie ich mein Ubuntu-System aktualisieren und die Sicherheit meiner Daten sichern kann? Ich würde jede Hilfe sehr schätzen. Danke für Ihre Unterstützung und Ihre Zeit.",Customer Service,Technical Support,model
Request to Update Integration Settings,"I am writing to request an update to the integration settings, which are affecting our products. These updates are necessary to enhance the compatibility of our SaaS project management platform. The current settings are causing issues with data synchronization and workflow automation. I would greatly appreciate your assistance in updating these settings as soon as possible. Please let me know if there is any additional information you need to facilitate this update. I look forward to hearing back from you to resolve this issue. Thank you for your time and assistance.",Product Support,IT Support,both
Assistance with Digital Strategy Services,"Inquiring about Customer Support services focused on digital strategy to enhance brand growth. Looking for information on the services you offer and how they can assist in expanding our online presence and reaching new customers. Specifically, interested in learning about your approach to social media marketing, content creation, and search engine optimization. Looking forward to hearing back about the services that can help our business grow.",Technical Support,Sales and Pre-Sales,model
Technische Schwierigkeiten bei der Marketingagentur,"Sehr geehrter Kundenservice, ich möchte berichten, dass die Marketingagentur mehrere Software- und Hardwareausfälle erlebt hat, die den Arbeitsablauf erheblich stören. Wahrscheinliche Ursache sind Kompatibilitätskonflikte oder eine Systemüberlastung. Es wurde versucht, die Geräte neu zu starten und die Software zu aktualisieren, um grundlegende Fehler zu beheben, doch leider konnten die Probleme nicht gelöst werden. Die Ausfälle haben zu erheblichen Ausfallzeiten und Produktivitätsverlusten geführt. Bitte wenden Sie sich an uns, um schnelle Unterstützung bei der Problemlösung zu erhalten. Könnten Sie uns bitte Anweisungen zur Fehlerbehebung geben und weitere Details zu den Software- und Hardwareausfällen bereitstellen? Sie können uns unter <tel_num> anrufen, um die Angelegenheit weiter zu besprechen.",IT Support,Technical Support,both
,"Beantworten Sie, ob Sie Informationen zu digitalen Markenstrategien für das Belkin Ultra HD HDMI Kabel benötigen. Möchten Sie mehr über die Markenwartung und die Produktabsichten erfahren? Freue mich auf relevante Informationen zum Markenansatz, die einschließen soziale Medien-Campaigns, Werbung und einen ansprechenden Ansatz. Ich werde Ihnen helfen, die Positionierung des Produkts auf dem Markt besser zu verstehen.",Billing and Payments,Sales and Pre-Sales,model
Probleme bei der Verwendung von Marketingkampagnen,"Während des Einsatzes von Marketingkampagnen traten Verbindungsprobleme, Softwareaktualisierungen und Anwendungskonflikte auf.",Technical Support,IT Support,both
Langsame Ladenzeiten bei der Plattform,"Unsere interne Zugriffsprobleme auf der Projektmanagement-SaaS-Plattform sind mit langen Wartezeiten verbunden. Es könnte sein, dass die neuesten Updates die Belastung erhöht haben, was zu diesen Problemen führt. Versucht bereits, den Browser-Cache zu leeren und die Anwendung neu zu laden, aber die Probleme blieben bestehen. Bitte helfen Sie uns, das Problem so schnell wie möglich zu lösen.",Customer Service,Product Support,model
Query on Digital Strategies for Brand Growth Online,"Customer support, seeking information on digital strategies to boost brand growth online. Could you provide details on how Zapier integrates with other services? I am interested in learning how your company uses digital tools to enhance brand presence and drive growth. Specifically, I would like to know more about your approach to automation and workflow optimization. Thank you, I look forward to hearing from you.",Customer Service,Billing and Payments,label
Integrationsprobleme bei Finanzsystemen,"Sehr geehrter Kundenservice, ich möchte Sie auf ein Problem aufmerksam machen, das unser Finanzunternehmen derzeit betrifft. Wir investieren mithilfe von Datenanalysen, stoßen jedoch leider auf Integrationsprobleme bei mehreren Produkten. Die Schwierigkeiten scheinen durch inkompatible Softwareversionen verursacht zu werden. Unser Team versucht, das Problem durch Neustart der Systeme und Aktualisierung der Anwendungen zu beheben, hat jedoch bisher keine vollständige Lösung erreicht. Dieses Problem beeinträchtigt unsere Fähigkeit, Investitionen effizient zu verwalten und fundierte Entscheidungen zu treffen. Wir schätzen Ihre Unterstützung,",Sales and Pre-Sales,IT Support,model
Unusual Decline in Brand Engagement Metrics Lately,"Our marketing agency has noticed a sudden drop in brand engagement metrics, which might be due to recent algorithm changes or ineffective strategies. We have analyzed the campaigns, adjusted the targeting, and tested new content formats.",Sales and Pre-Sales,Customer Service,model
Unterstützung für digitale Strategie-Dienstleistungen erforderlich,"Ich bin interessiert an mehr Informationen über Ihre digitalen Strategie-Dienstleistungen, insbesondere wie sie das Markenwachstum und die Online-Präsenz von Unternehmen steigern können, um neue Kunden zu erreichen. Ich freue mich auf Ihre Unterstützung und darauf, bald eine Antwort zu erhalten.",Customer Service,Billing and Payments,label
Investment Data Analytics Platform Problem,The investment data analytics platform abruptly stopped working. Possible reasons include lack of resources and out-of-date software. Steps taken: Restarted the system and verified for updates. Immediate help is required to fix this issue.,Service Outages and Maintenance,Technical Support,both
Ensuring Compliance for Medical Data Security,"Looking for assistance with securing access to medical data in Outlook 2021. Could you provide guidance on the necessary steps to ensure our systems meet the required compliance standards? It is crucial to protect sensitive patient information by ensuring the software is up to date with the latest security patches. Please provide detailed instructions and recommend any available resources for further learning. Your help is greatly appreciated, and I look forward to hearing from you soon.",Technical Support,Customer Service,label
Benachrichtigung über unbefugten Zugriff auf Server,"Die Benachrichtigung über einen unbefugten Zugriff wurde auf dem Server ausgelöst, der medizinische Daten verwaltet. Mögliche Ursache: schwache Firewallregeln und veraltete Software. Versuche, das System sicherer zu gestalten, umfassten eine Durchführung des Antivirus-Scans und das Updaten der Software. Allerdings bestehen die Probleme nach wie vor.",Billing and Payments,Technical Support,model
Support for Investment Services,"Please contact us to learn more about data analysis, optimization of usage, and investment opportunities. We would be happy to provide additional details on our services and the tools and techniques we use for analyzing data and optimizing investment strategies.",Billing and Payments,Customer Service,model
Problems with Cassandra,"It happened: Project data was lost during the Cassandra 4.0 update. Experienced: Incompatible Smart-Tracker integration caused a crash. Attempted: Restart laptop, re-install Smart-Tracker, contact Sophos support.",Technical Support,IT Support,both
Hinweise bezüglich des Kampagnenstartproblems,"Die digitalen Kampagnen konnten nicht zu Beginn wie geplant gestartet werden, da technische Integrationsschwierigkeiten mit den Tools aufgetreten sind. Es gab Versuche zur Analyse und Zusammenführung von Daten aus Excel und Airtable.",Customer Service,Technical Support,model
Technische Unterstützung: Server-Antwortverzögerungen bei Projektdashboards,"Benutzer melden Verzögerungen beim Laden von Projektdashboards in Spitzenzeiten, was möglicherweise auf eine jüngere Codeveröffentlichung zurückzuführen ist, die die Serverantwortzeiten beeinflusst hat.",Product Support,Technical Support,both
Sichere Lagierung medizinischer Daten mit Oracle Database 19c,"Es ist notwendig, medizinische Daten des Krankenhauses mithilfe von Oracle Database 19c sicherzustellen. Bitte stellen Sie Details zu den besten Praktiken und Konfigurationen für das IT-System vor?",Product Support,Customer Service,label
"Das Projekt-Dashboard unterbricht sich auf iOS, könnte auf eine Aktualisierung des Adobe-Plugins zurückzuführen sein","Sehr geehrter Kunde, wir bedanken uns für Ihre Meldung über das Problem mit dem Projekt-Dashboard auf iOS, das möglicherweise auf eine Aktualisierung des Adobe-Plugins zurückzuführen sein könnte. Wir entschuldigen uns für die Unannehmlichkeiten. Um den Fehler weiter zu untersuchen, benötigen wir mehr Informationen wie z.B. die Version des Adobe-Plugins und die verwendete iOS-Version. Haben Sie versucht, den Cache zu löschen oder das Plugin neu zu installieren, um den Fehler zu beheben? Wenn der Fehler weiterhin besteht, möchten wir gerne telefonisch zusammenarbeiten, um den Fehler zu diagnostizieren. Bitte teilen Sie uns ein geeignetes Zeitfenster für die Zusammenarbeit mit <tel_num>. Wir werden den Fehler melden und es einem technischen Team zuweisen, das sich mit dem Problem auseinandersetzt. Wir bedanken uns für Ihr Verständnis und Ihre Zusammenarbeit.",Product Support,Technical Support,both
Betreff: Notwendigkeit von Upgrades unserer digitalen Werkzeuge und Infrastrukturen,"Sehr geehrte Kundenservice, wir möchten die Notwendigkeit der Upgrades unserer digitalen Werkzeuge und Infrastrukturen zur Verbesserung der Effizienz und des Reachs unserer Zielgruppe ansprechen. Dabei handelt es sich um Markenwachstumstechniken und Marketingbüros, die eine wesentliche Rolle bei der Ausführung effektiver Marketingkampagnen und der Fähigkeit, data-basierte Entscheidungen zu treffen, spielen. Eine verbesserte digitale Infrastruktur könnte uns dabei helfen, unser Reach zu erweitern und effektiver mit unserer Zielgruppe zu verbunden zu bleiben. Wir schätzen Ihre Unterstützung und freuen uns auf eine Diskussion dieser Themen.",Service Outages and Maintenance,IT Support,model
