answer_kind,subject,answer,correct,is_real_answer
info_request_only,Lost Invoices,"Dear <name>, we are investigating the issue regarding missing invoices for your software and hardware items, associated with account number <acc_num>. In order to address the billing issues, we require details such as the expected invoice dates and amounts. Please provide this information so that we can proceed with resolving your query. If necessary, I can also contact you at <tel_num> to discuss the specifics.",Y,N
info_request_only,Details on Securing Medical Data for IT Services Provided to Health Service Providers,"Health service providers take the security of medical data very seriously and ensure confidentiality and integrity of patient data. They implement robust measures including encryption, access controls, regular audits, and protecting sensitive data. For a more detailed discussion, please specify your specific requirements. We look forward to helping you with a tailored solution in the next steps.",N,Y
info_request_only,,"Sehr geehrte [name], wir bedanken uns bei Ihnen für Ihr Interesse an unseren Datenanalysediensten, Optimierung und Investitionen. Unser Team verwendet fortschrittliche Werkzeuge und Techniken, um handlungsfähige Einsichten liefern und das Optimierungsmögliche Ihrer Investitionsportfolios zu fördern. Es wäre uns eine Freude, die spezifischen Dienstleistungen mit Ihnen zu besprechen und zu erklären, wie sie Ihren Bedürfnissen dienen könnten. Wir könnten uns gerne telefonisch treffen, um den genauen Zeitpunkt für unser Gespräch zu vereinbaren. Bitte geben Sie uns eine geeignete Zeit, die wir über [tel_num] anrufen können. Vielen Dank für Ihre Überlegung unserer Dienstleistungen. Wir freuen uns darauf, Sie kennenzulernen.",Y,N
info_request_only,,"Ich werde das Problem mit Ihrem Datenanalyse-System untersuchen. Um Ihnen besser behilflich zu sein, könnten Sie bitte Details zur Fehlermeldung und den Systemprotokollen bereitstellen. Falls notwendig, werde ich Sie am <tel_num> zur Diskussion der nächsten Schritte kontaktieren.",Y,N
info_request_only,Probleme mit der Investmentsoptimierungssoftware,"Sehr geehrte [Name], entschuldigen Sie bitte die Probleme mit dem Investitionsoptimierungsprogramm. Wir stehen Ihnen bereit, um das Problem so schnell wie möglich zu lösen. Wir verstehen die Bedeutung des Programms für die täglichen Betriebsvorgänge. Um die Situation zu verbessern, könnten Sie bitte mehr Details zu den neuesten RAM-Aktualisierungen und eventuellen Fehlernachrichten bereitstellen? Darüber hinaus helfen Sie uns, indem Sie die aktuelle Softwareversion angeben. Wir möchten eine Anrufverabredung vereinbaren, um das Problem zu besprechen und mögliche Lösungen zu erarbeiten. Wären Sie verfügbar, könnten Sie mir bitte ein paar Zeitpunkte nennen.",Y,N
info_request_only,,"<name>, thank you for your inquiry regarding securing Kubernetes medical data compliance. I recommend reviewing the documentation on network policies, access controls, and data encryption methods. We can schedule a call at <tel_num> to discuss further. Please let us know a convenient time to reach out and provide guidance tailored to your hospital environment <acc_num>.",N,Y
info_request_only,,"<name>, thank you for reaching out to our customer support team. I appreciate your interest in enhancing our digital strategies and exploring options for integrating advanced marketing tools and analytics. I would be happy to discuss and see how we can assist you in achieving your goals. To better understand your requirements, could you please provide information on your current digital presence and the specific tools and analytics you are interested in implementing? We can contact you at <tel_num> to schedule a call that is convenient for you. ",Y,N
info_request_only,Concerns Raised About Irregular Investment Projections,"Acknowledging the concern about irregular investment projections. To better assist, could you provide details on the recent software updates and data input errors encountered? Additionally, please share the steps you've taken so far and any results observed. We aim to schedule a call at your earliest convenience to discuss the issue and determine the next steps to resolve it. Please indicate a suitable time for the call.",Y,N
info_request_only,Security Policy for Medical Data Protection,"Dear [Name], we appreciate your concern regarding the security of medical data. Enhanced security measures are essential. We will implement encryption, secure access controls, and regular security audits as requested. Furthermore, we will offer comprehensive training for our staff members who handle medical information. Let's discuss the timeline and steps for implementation; we can arrange a call at your convenience. Please provide a suitable time frame and we will ensure a detailed implementation plan is in place for account number [Account Number].",N,Y
info_request_only,Data Encryption Assistance,"<name>, thank you for contacting the Service Desk regarding data encryption for medical records in Microsoft Dynamics 365. To ensure the security of sensitive patient information, we recommend enabling the built-in encryption features within Dynamics 365, such as field-level encryption and data encryption at rest. Please review the requirements to ensure compliance with HIPAA regulations. For additional security, we can discuss third-party tools or plugins that may enhance data protection. To assist you further, could you please provide more detailed information?",N,Y
other,Informationen über Datenanalyse-Tools mit Ruby on Rails,"Sehr geehrte [Name],\n\nvielen Dank für Ihre E-Mail in Bezug auf Datenanalyse-Tools, die mit Ruby on Rails verknüpft sind, um die Optimierung der Investitionen zu unterstützen. Wir haben einige Tools, die Ihnen dabei helfen können, datenbasierte Entscheidungen zu treffen und Ihre Investitionsstrategien zu verbessern. Einige Optionen sind Google Analytics, New Relic und Mixpanel, die sich mit Ruby on Rails integrieren und wertvolle Einblicke in Ihre Investitionsdaten liefern. Ich würde mich freuen, diese Optionen in weiteren Details mit Ihnen zu besprechen und Ihnen auf der Grundlage Ihrer spezifischen Bedürfnisse Empfehlungen zu geben. Wenn Sie eine Besprechung buchen möchten, geben Sie mir bitte ein geeignetes Zeitfenster an, und ich werde Sie so in Verbindung setzen unter [Tel-Nummer]. Alternativ, geben Sie mir bitte mehr Informationen über Ihre aktuelle Ausstattung und Ihre Investitionsziele, damit ich Ihnen personalisierte Vorschläge machen kann.",Y,Y
other,Issue with Delay Adobe Creative Cloud Access,Address the issue of delayed access to Adobe Creative Cloud soon by contacting us to discuss further details and potential solutions.,Y,N
other,Concern About Precision of Investment Advice,"To address the concern about the precision of the investment advice, please contact <tel_num> for further discussion.",Y,N
other,Berühmte Kostenunterschiede Support,"Um die Kostenunterschiede bei digitalen Werkzeugdienstleistungen zu untersuchen, rufe bitte <tel_num> an, um weitere Diskussionen über die Lösung zu besprechen.",Y,N
other,,I would be happy to provide information on the SaaS features for project management and scalability. Please allow me to call you at your convenience to discuss the details of the tools and features.,Y,N
other,Assistance with Digital Marketing for Steinberg Cubase 11,I will provide the details and case studies shortly.,Y,N
other,Event Data Loss,Specialists will be dispatched to assist with the data breach,Y,Y
other,Enhance Our Online Visibility Urgently,I will carefully consider your request and will offer details regarding our social media management and content creation services to help enhance your online visibility. Would you be available for a call at a time convenient for you to delve into the specifics?,Y,N
other,Unregelmäßige Ladezeiten bei Projektmanagement-Dashboard gemeldet,"Sehr geehrte[r] [Name], entschuldigen Sie die Unannehmlichkeiten, die Sie beim Projektmanagement-Dashboard erlebt haben. Wir schätzen, dass Sie die Schritte zur Selbstdiagnose durchgeführt haben, einschließlich das Löschen des Caches und das Neustarten des Programms. Um das Problem besser zu verstehen, würden wir gerne mehr Informationen über die langen Ladezeiten haben, z.B. den Durchschnittsladenetzzeit und eventuelle Fehlermeldungen. Es wäre außerdem hilfreich, wenn Sie uns die Uhrzeit nennen könnten, zu der das Problem auftritt, um Netzwerk- oder Serverprobleme besser identifizieren zu können. Wir werden die letzten Serverupdates prüfen, um festzustellen, ob das Problem möglicherweise damit in Verbindung steht.",N,N
other,Mögliche Datensperrverletzung im Kundenservice,Wir danken Ihnen für Ihre Mitteilung hinsichtlich möglicher Datensperrverletzungen und schätzen die durchgeführte gründliche Untersuchung ein. Unsere Kunden sollten ihre Konten weiterhin überwachen und uns alle verdächtigen Aktivitäten melden. Wir halten Sie auf dem Laufenden und teilen Ihnen weitere Updates mit.,Y,Y
resolution,Problem with Monthly Subscription Being Charged Twice,"<name>, I'm sorry to hear that you were charged twice for the monthly subscription. We will investigate the matter and work on refunding the extra charge as soon as possible. To assist with the resolution, could you please provide your account number and the dates of the double charges? If you need to discuss this further, you can contact us at <tel_num>. Please allow 24-48 hours for us to look into the issue, and we will update you regarding the refund and any additional steps needed to prevent this in the future.",Y,Y
resolution,Support Request for Security Breach Investigation,"Acknowledging the security breach in our hospital's system. We understand the severity of the situation and the potential consequences for patient data. To assist further, could we please schedule a call to discuss the details of the incident and the steps taken so far? Please let us know a convenient time for the call at <tel_num>. To prepare for the call, could you also provide us with the security logs and the patches that have been applied so far for review? This will enable us to quickly assess the situation.",N,N
resolution,Incident of Unauthorized Access to Medical Records,"Dear [Your Name], thank you for reporting the incident of unauthorized access to medical records. To improve your password policy and update your software, I recommend implementing a two-factor authentication system and a comprehensive review of your current software versions. Please provide more details about your current systems and logs so I can assist further. If necessary, I can arrange a call at [tel_num] to discuss the necessary steps in more detail. I will be happy to provide guidance on securing your records. Please let me know a suitable time for the call.",Y,Y
resolution,Please update integration settings,"I have received your request to update the integration settings for better compatibility with Node.js project management tools. To proceed with the update, I need details on the current integration settings and the tools being used. Please provide the necessary information so I can provide an accurate solution. After reviewing the information, I will update the settings accordingly to ensure better performance. Please contact <tel_num> to discuss further.",N,N
resolution,Report of Technical Issue Encountered Today,"<name>, thank you for reporting the technical issue with the data analytics platform. We apologize for the performance issues you're experiencing and understand the urgency of the situation. We will escalate this matter to our technical team for further investigation. To assist in resolving the problem, could you please provide the exact error messages encountered and detail the steps taken during troubleshooting? Additionally, please confirm the timestamp of the most recent system update and whether the platform was functioning normally afterward. If necessary, we can schedule a call to discuss the issue in more detail.",N,N
resolution,Interdepartmental Coordination Difficulties,"Thank you for reaching out about the coordination issues between the Strategy, Creative, and Analytics divisions. To assist you more effectively, could you please specify which workflow communication tools you are currently utilizing? This information will help us suggest suitable integrations or centralized platforms to meet your needs. Meanwhile, many organizations have found success with unified project management solutions such as Asana or Monday.com, which help centralize communication and task management. We also recommend establishing clear communication channels and defining roles to enhance collaboration.",Y,Y
resolution,Datenschutzprobleme,Vielen Dank für die Mitteilung des potenziellen Datendiebstahls. Dank des durchgeführten Softwareupdates und Passwörteränderungen ist der Risikofaktor reduziert. Bitte prüfen Sie den Vorfall und kontaktieren Sie uns für weitere Informationen.,N,N
resolution,Concern over leaked medical data via unsecured PDFs with inadequate encryption in recent updates,"Dear [Name], we take the issue of medical data leakage seriously and would like to investigate further regarding the unsecured PDFs with insufficient encryption settings that you mentioned in relation to the recent update of PDFfiller. Please provide more details about the issue you are encountering so we can assist you effectively.",N,N
resolution,Timeout Issues with the Project Dashboard,"<name> received an email regarding the timeout issues on the project dashboard. We would like to request additional logs and information about the recent database load spikes experienced. Could you please supply relevant logs and details related to the recent update? We aim to review and offer a solution or workaround to resolve the timeouts as soon as possible. For further discussion, please contact <tel_num>.",N,N
resolution,Mehrere Integrationsprobleme behoben,"Bitte prüfen Sie die Probleme mit den Integrationsfehlern bei den verschiedenen Produkten. Um besser helfen zu können, wären zusätzliche Details zum kürzlichen PHP 8.0-Update sowie etwaige Fehlermeldungen hilfreich. Können Sie uns Ihre Kontoinformationen zukommen lassen? Falls gewünscht, können wir auch einen Anruf zu einem passenden Zeitpunkt vereinbaren, um das Anliegen zu besprechen.",N,N
